<table name="Custom attachments for custom weapons" image="guis/mod_icons/cafcw" color="Color(0.01,0.62,0.98)">
	<AssetUpdates id="19169" version="1.327" provider="modworkshop"/>
	<AddFiles directory="Assets">
		<texture path="guis/mod_icons/cafcw"/>
	</AddFiles>
	<Hooks directory="Hooks">
		<hook file="weaponfactorytweakdata.lua" source_file="lib/tweak_data/weaponfactorytweakdata"/>
		<hook file="weaponfactorytweakdata_alcat.lua" source_file="lib/tweak_data/weaponfactorytweakdata"/>
		<hook file="weaponfactorytweakdata_ellie.lua" source_file="lib/tweak_data/weaponfactorytweakdata"/>
		<hook file="weaponfactorytweakdata_germantacos.lua" source_file="lib/tweak_data/weaponfactorytweakdata"/>
		<hook file="weaponfactorytweakdata_groceries.lua" source_file="lib/tweak_data/weaponfactorytweakdata"/>
		<hook file="weaponfactorytweakdata_killerwolf.lua" source_file="lib/tweak_data/weaponfactorytweakdata"/>
		<hook file="weaponfactorytweakdata_leon.lua" source_file="lib/tweak_data/weaponfactorytweakdata"/>
		<hook file="weaponfactorytweakdata_matt.lua" source_file="lib/tweak_data/weaponfactorytweakdata"/>
		<hook file="weaponfactorytweakdata_mira.lua" source_file="lib/tweak_data/weaponfactorytweakdata"/>
		<hook file="weaponfactorytweakdata_silentenforcer.lua" source_file="lib/tweak_data/weaponfactorytweakdata"/>
		<hook file="weaponfactorytweakdata_nepgearsy.lua" source_file="lib/tweak_data/weaponfactorytweakdata"/>
		<hook file="weaponfactorytweakdata_xxnelsonxx.lua" source_file="lib/tweak_data/weaponfactorytweakdata"/>
	</Hooks>
</table>
